{"train_ft/global_step": 49, "_timestamp": 1729932374.3176267, "train_ft/loss": 0.7517136335372925, "global_step": 49997, "train_ft/lr": 2.879181702081235e-12, "_runtime": 6731.8596177101135, "_step": 17298, "train_ft/ft/precision": 0.748016893863678, "train_ft/ft/loss": 0.7076321244239807, "train_ft/ft/recall": 0.9333704113960266, "train_ft/ft/dice": 0.8304771184921265, "val_ft/global_step": 49, "val_ft/ft/precision": 0.8428639769554138, "val_ft/ft/loss": 0.8455109000205994, "val_ft/ft/recall": 0.7779349684715271, "val_ft/ft/dice": 0.8090989589691162, "_wandb": {"runtime": 6808}}