{"global_step": 14888, "_timestamp": 1722431212.8691173, "loss": 1.070452094078064, "lr": 5.815972144773696e-06, "_runtime": 1245.2356803417206, "_step": 281, "ft/precision": 0.015955373644828796, "ft/loss": 1.0216675996780396, "ft/recall": 0.07276085019111633, "ft/dice": 0.026171686127781868, "val_ft/global_step": 13, "val_ft/ft/precision": 0.029414886608719826, "val_ft/ft/loss": 1.011944055557251, "val_ft/ft/recall": 0.11129489541053772, "val_ft/ft/dice": 0.046531613916158676}