{"train_ft/global_step": 99, "_timestamp": 1729641658.6493247, "train_ft/loss": 0.674166202545166, "global_step": 99997, "train_ft/lr": 4.048849200789101e-13, "_runtime": 36509.38547563553, "_step": 34598, "train_ft/ft/precision": 0.6869943141937256, "train_ft/ft/loss": 0.6567689776420593, "train_ft/ft/recall": 0.828375518321991, "train_ft/ft/dice": 0.7511343359947205, "val_ft/global_step": 99, "val_ft/ft/precision": 0.8488708138465881, "val_ft/ft/loss": 0.8071818351745605, "val_ft/ft/recall": 0.7011633515357971, "val_ft/ft/dice": 0.7653366923332214, "_wandb": {"runtime": 36622}}