{"global_step": 499944, "_timestamp": 1722393824.8106322, "loss": 0.1674216240644455, "lr": 2.582273858717926e-13, "_runtime": 27538.552490234375, "_step": 9498, "val_ft/global_step": 499, "val_ft/ft/precision": 0.8033584356307983, "val_ft/ft/loss": 0.4511578679084778, "val_ft/ft/recall": 0.622444748878479, "val_ft/ft/dice": 0.7014239430427551, "ft/precision": 0.7188422679901123, "ft/loss": 0.1721067577600479, "ft/recall": 0.9364310503005981, "ft/dice": 0.8133354187011719, "_wandb": {"runtime": 27550}}