{"train_ft/global_step": 28721, "_timestamp": 1730131893.6413538, "train_ft/loss": 0.7142009735107422, "global_step": 28721, "train_ft/lr": 0.0001006941674859263, "_runtime": 9929.63287782669, "_step": 9936, "val_ft/global_step": 27, "val_ft/ft/precision": 0.8407747149467468, "val_ft/ft/loss": 0.8109464049339294, "val_ft/ft/recall": 0.7848398089408875, "val_ft/ft/dice": 0.8118449449539185, "train_ft/ft/precision": 0.7211021184921265, "train_ft/ft/loss": 0.7167907953262329, "train_ft/ft/recall": 0.9183914065361023, "train_ft/ft/dice": 0.8078762888908386, "_wandb": {"runtime": 9929}}