{"train_ft/global_step": 49, "_timestamp": 1730120359.5743296, "train_ft/loss": 0.7087807655334473, "global_step": 49997, "train_ft/lr": 2.879181702081235e-12, "_runtime": 17900.23223757744, "_step": 17298, "train_ft/ft/precision": 0.7582694292068481, "train_ft/ft/loss": 0.681624174118042, "train_ft/ft/recall": 0.9435805082321167, "train_ft/ft/dice": 0.8408358693122864, "val_ft/global_step": 49, "val_ft/ft/precision": 0.8497448563575745, "val_ft/ft/loss": 0.8079157471656799, "val_ft/ft/recall": 0.7921656370162964, "val_ft/ft/dice": 0.8199456334114075, "_wandb": {"runtime": 18010}}