{"train_ft/global_step": 27849, "_timestamp": 1723314799.7242525, "train_ft/loss": 0.15873053669929504, "global_step": 27849, "train_ft/lr": 0.00012464112660381943, "_runtime": 8060.30846953392, "_step": 9634, "val_ft/global_step": 26, "val_ft/ft/precision": 0.8593944907188416, "val_ft/ft/loss": 0.3477764129638672, "val_ft/ft/recall": 0.7455589175224304, "val_ft/ft/dice": 0.7984396815299988, "train_ft/ft/precision": 0.8022818565368652, "train_ft/ft/loss": 0.15978482365608215, "train_ft/ft/recall": 0.933143675327301, "train_ft/ft/dice": 0.8627788424491882, "_wandb": {"runtime": 8061}}