{"global_step": 5000, "_timestamp": 1722241104.8377802, "loss": 1.4191980361938477, "lr": 9.765625463842298e-07, "_runtime": 90.00486731529236, "_step": 14, "ft/precision": 0.0020219068974256516, "ft/loss": 1.4110538959503174, "ft/recall": 0.03039448708295822, "ft/dice": 0.0037915892899036407, "val_ft/global_step": 4, "val_ft/ft/precision": 3.8980841054581106e-05, "val_ft/ft/loss": 1.3249092102050781, "val_ft/ft/recall": 0.005580557975918055, "val_ft/ft/dice": 7.74208820075728e-05, "_wandb": {"runtime": 99}}