{"global_step": 499937, "_timestamp": 1722297838.8567758, "loss": 0.6538240909576416, "lr": 3.2681902973827337e-13, "_runtime": 38062.012244701385, "_step": 8498, "val_ft/global_step": 499, "val_ft/ft/precision": 0.41402366757392883, "val_ft/ft/loss": 0.6574310064315796, "val_ft/ft/recall": 0.5696492791175842, "val_ft/ft/dice": 0.4795258045196533, "ft/precision": 0.5027157664299011, "ft/loss": 0.4830719530582428, "ft/recall": 0.7696401476860046, "ft/dice": 0.6081792712211609, "_wandb": {"runtime": 91993}}