{"train_ft/global_step": 49, "_timestamp": 1729695916.7328079, "train_ft/loss": 0.11397609114646912, "global_step": 49997, "train_ft/lr": 2.879181702081235e-12, "_runtime": 15082.867353916168, "_step": 17298, "val_ft/global_step": 49, "val_ft/ft/precision": 0.8600901365280151, "val_ft/ft/loss": 0.39625194668769836, "val_ft/ft/recall": 0.6967231035232544, "val_ft/ft/dice": 0.7698349952697754, "train_ft/ft/precision": 0.802707850933075, "train_ft/ft/loss": 0.1162068247795105, "train_ft/ft/recall": 0.9657033085823059, "train_ft/ft/dice": 0.8766939043998718, "_wandb": {"runtime": 15194}}