{"train_ft/global_step": 49, "_timestamp": 1730052153.275448, "train_ft/loss": 0.7116217613220215, "global_step": 49997, "train_ft/lr": 2.879181702081235e-12, "_runtime": 17386.929361104965, "_step": 17298, "val_ft/global_step": 49, "val_ft/ft/precision": 0.8540416955947876, "val_ft/ft/loss": 0.8098456859588623, "val_ft/ft/recall": 0.7848458886146545, "val_ft/ft/dice": 0.8179830312728882, "train_ft/ft/precision": 0.7560828924179077, "train_ft/ft/loss": 0.6825527548789978, "train_ft/ft/recall": 0.9431347250938416, "train_ft/ft/dice": 0.8393133878707886, "_wandb": {"runtime": 17496}}