{"train_ft/global_step": 43150, "_timestamp": 1723412114.1809447, "train_ft/loss": 0.10325030237436295, "global_step": 43150, "train_ft/lr": 1.539916956971865e-05, "_runtime": 12530.082780599594, "_step": 14929, "val_ft/global_step": 42, "val_ft/ft/precision": 0.9754133820533752, "val_ft/ft/loss": 0.7617478370666504, "val_ft/ft/recall": 0.33227649331092834, "val_ft/ft/dice": 0.4956938922405243, "train_ft/ft/precision": 0.9842808842658997, "train_ft/ft/loss": 0.6605700254440308, "train_ft/ft/recall": 0.4158232808113098, "train_ft/ft/dice": 0.5846520662307739, "_wandb": {"runtime": 12529}}