{"train_ft/global_step": 0, "_timestamp": 1723052811.1474767, "train_ft/loss": 3.5164670944213867, "global_step": 952, "train_ft/lr": 3.7202380553935654e-07, "_runtime": 108.21968173980713, "_step": 20, "_wandb": {"runtime": 107}, "train_ft/ft/precision": 0.004046974703669548, "train_ft/ft/loss": 4.853208541870117, "train_ft/ft/recall": 0.8751484751701355, "train_ft/ft/dice": 0.008056692779064178, "val_ft/global_step": 0, "val_ft/ft/precision": 0.00898807868361473, "val_ft/ft/loss": 4.664674758911133, "val_ft/ft/recall": 0.9742501378059387, "val_ft/ft/dice": 0.017811831086874008}