{"train_ft/global_step": 892, "_timestamp": 1730101820.639968, "train_ft/loss": 1.5883831977844238, "global_step": 892, "train_ft/lr": 5.579709977610037e-06, "_runtime": 745.7245798110962, "_step": 308, "_wandb": {"runtime": 746}}