{"global_step": 499944, "_timestamp": 1722579981.906948, "loss": 0.24058911204338074, "lr": 2.582273858717926e-13, "_runtime": 39644.5680410862, "_step": 9498, "val_ft/global_step": 499, "val_ft/ft/precision": 0.7549776434898376, "val_ft/ft/loss": 0.29015037417411804, "val_ft/ft/recall": 0.8344330191612244, "val_ft/ft/dice": 0.7927193641662598, "ft/precision": 0.6205543279647827, "ft/loss": 0.3273428976535797, "ft/recall": 0.8464301228523254, "ft/dice": 0.7161028385162354, "_wandb": {"runtime": 39654}}