{"train_ft/global_step": 997, "_timestamp": 1723399403.0835073, "train_ft/loss": 1.1251087188720703, "global_step": 997, "train_ft/lr": 6.231884071894456e-06, "_runtime": 219.9834702014923, "_step": 344, "_wandb": {"runtime": 220}}