{"global_step": 249944, "_timestamp": 1722424369.5882883, "loss": 0.19133368134498596, "lr": 1.1246803184941645e-12, "_runtime": 9916.329563379288, "_step": 4748, "val_ft/global_step": 249, "val_ft/ft/precision": 0.663689374923706, "val_ft/ft/loss": 0.45210471749305725, "val_ft/ft/recall": 0.6924542784690857, "val_ft/ft/dice": 0.677766740322113, "ft/precision": 0.6625597476959229, "ft/loss": 0.23662148416042328, "ft/recall": 0.9034338593482971, "ft/dice": 0.764471709728241, "_wandb": {"runtime": 9926}}