{"global_step": 571888, "_timestamp": 1722539511.9185007, "loss": 0.2871387302875519, "lr": 3.1363333619083278e-06, "_runtime": 48722.1149687767, "_step": 10864, "val_ft/global_step": 570, "val_ft/ft/precision": 0.7483317852020264, "val_ft/ft/loss": 0.2740976810455322, "val_ft/ft/recall": 0.8676518797874451, "val_ft/ft/dice": 0.8035867214202881, "ft/precision": 0.6213837265968323, "ft/loss": 0.28068608045578003, "ft/recall": 0.886397123336792, "ft/dice": 0.7306005358695984, "_wandb": {"runtime": 48733}}