{"global_step": 299944, "_timestamp": 1722456784.9037597, "loss": 0.39081740379333496, "lr": 7.588722944311399e-13, "_runtime": 25461.638338804245, "_step": 5698, "val_ft/global_step": 299, "val_ft/ft/precision": 0.7491069436073303, "val_ft/ft/loss": 0.3095328211784363, "val_ft/ft/recall": 0.8143686652183533, "val_ft/ft/dice": 0.7803757786750793, "ft/precision": 0.6003844141960144, "ft/loss": 0.3500283658504486, "ft/recall": 0.830689549446106, "ft/dice": 0.6970052719116211, "_wandb": {"runtime": 25472}}