{"train_ft/global_step": 15519, "_timestamp": 1730034686.7858696, "train_ft/loss": 0.9362931251525879, "global_step": 15519, "train_ft/lr": 6.062463398848195e-06, "_runtime": 15844.396866559982, "_step": 15533, "val_ft/global_step": 14, "val_ft/ft/precision": 0.7795053124427795, "val_ft/ft/loss": 0.8355982303619385, "val_ft/ft/recall": 0.7777143716812134, "val_ft/ft/dice": 0.7786087989807129, "train_ft/ft/precision": 0.6589778661727905, "train_ft/ft/loss": 0.8062014579772949, "train_ft/ft/recall": 0.8589237928390503, "train_ft/ft/dice": 0.7457818984985352, "_wandb": {"runtime": 15845}}