{"train_ft/global_step": 49, "_timestamp": 1729950388.4895506, "train_ft/loss": 0.7540898323059082, "global_step": 49997, "train_ft/lr": 2.879181702081235e-12, "_runtime": 6774.881959676743, "_step": 17298, "train_ft/ft/precision": 0.7489249110221863, "train_ft/ft/loss": 0.7078834772109985, "train_ft/ft/recall": 0.9338785409927368, "train_ft/ft/dice": 0.83123779296875, "val_ft/global_step": 49, "val_ft/ft/precision": 0.8433114886283875, "val_ft/ft/loss": 0.847038209438324, "val_ft/ft/recall": 0.779568612575531, "val_ft/ft/dice": 0.8101882338523865, "_wandb": {"runtime": 6851}}