{"train_ft/global_step": 49, "_timestamp": 1723392424.3067822, "train_ft/loss": 0.11803296953439713, "global_step": 49997, "train_ft/lr": 2.879181702081235e-12, "_runtime": 6571.500162363052, "_step": 17298, "val_ft/global_step": 49, "val_ft/ft/precision": 0.7229123711585999, "val_ft/ft/loss": 0.41751909255981445, "val_ft/ft/recall": 0.7088528275489807, "val_ft/ft/dice": 0.7158135771751404, "train_ft/ft/precision": 0.8169645667076111, "train_ft/ft/loss": 0.11037305742502213, "train_ft/ft/recall": 0.9676488041877747, "train_ft/ft/dice": 0.8859451413154602, "_wandb": {"runtime": 6572}}