{"train_ft/global_step": 24686, "_timestamp": 1729352205.9425821, "train_ft/loss": 0.30732962489128113, "global_step": 24686, "train_ft/lr": 0.00011762175563490018, "_runtime": 7651.505326032639, "_step": 8540, "train_ft/ft/precision": 0.6424524188041687, "train_ft/ft/loss": 0.21473968029022217, "train_ft/ft/recall": 0.9317775368690491, "train_ft/ft/dice": 0.7605276703834534, "val_ft/global_step": 23, "val_ft/ft/precision": 0.7887797951698303, "val_ft/ft/loss": 0.32794228196144104, "val_ft/ft/recall": 0.7434331774711609, "val_ft/ft/dice": 0.7654354572296143, "_wandb": {"runtime": 7651}}