{"global_step": 85944, "_timestamp": 1723044867.076181, "loss": 1.0783412456512451, "lr": 7.454278602381237e-06, "_runtime": 6945.325439929962, "_step": 1631, "val_ft/global_step": 84, "val_ft/ft/precision": 0.0771026462316513, "val_ft/ft/loss": 0.9319891929626465, "val_ft/ft/recall": 0.664874792098999, "val_ft/ft/dice": 0.13818104565143585, "ft/precision": 0.032521821558475494, "ft/loss": 0.9992972612380981, "ft/recall": 0.39748385548591614, "ft/dice": 0.060124319046735764, "_wandb": {"runtime": 6955}}