{"train_ft/global_step": 249, "_timestamp": 1723204340.0903497, "train_ft/loss": 0.46610039472579956, "global_step": 249952, "train_ft/lr": 1.0094083771963747e-12, "_runtime": 109767.07509875298, "_step": 26240, "val_ft/global_step": 249, "val_ft/ft/precision": 0.5731236934661865, "val_ft/ft/loss": 0.4332614839076996, "val_ft/ft/recall": 0.6406205296516418, "val_ft/ft/dice": 0.6049953699111938, "train_ft/ft/precision": 0.607235312461853, "train_ft/ft/loss": 0.4312956929206848, "train_ft/ft/recall": 0.8091382384300232, "train_ft/ft/dice": 0.6937962174415588, "_wandb": {"runtime": 109775}}