{"train_ft/global_step": 49, "_timestamp": 1723383932.574374, "train_ft/loss": 0.1007528305053711, "global_step": 49997, "train_ft/lr": 2.879181702081235e-12, "_runtime": 14531.124603033066, "_step": 17298, "val_ft/global_step": 49, "val_ft/ft/precision": 0.8704771399497986, "val_ft/ft/loss": 0.3496430814266205, "val_ft/ft/recall": 0.7497486472129822, "val_ft/ft/dice": 0.8056149482727051, "train_ft/ft/precision": 0.8313184976577759, "train_ft/ft/loss": 0.099122554063797, "train_ft/ft/recall": 0.9707934260368347, "train_ft/ft/dice": 0.8956586122512817, "_wandb": {"runtime": 14639}}