{"train_ft/global_step": 27573, "_timestamp": 1729549576.6499844, "train_ft/loss": 0.7545028924942017, "global_step": 27573, "train_ft/lr": 0.0001222558639710769, "_runtime": 8229.495670318604, "_step": 9539, "train_ft/ft/precision": 0.6505670547485352, "train_ft/ft/loss": 0.7257111668586731, "train_ft/ft/recall": 0.8091232180595398, "train_ft/ft/dice": 0.7212991118431091, "val_ft/global_step": 26, "val_ft/ft/precision": 0.8334656953811646, "val_ft/ft/loss": 0.8103618025779724, "val_ft/ft/recall": 0.7181025147438049, "val_ft/ft/dice": 0.7690871357917786, "_wandb": {"runtime": 8229}}