{"global_step": 358000, "_timestamp": 1722246292.519069, "loss": 0.1649724841117859, "lr": 2.867603598133428e-06, "_runtime": 5161.257807016373, "_step": 1073, "val_ft/global_step": 357, "val_ft/ft/precision": 0.050152309238910675, "val_ft/ft/loss": 0.8845312595367432, "val_ft/ft/recall": 0.3289828896522522, "val_ft/ft/dice": 0.08703624457120895, "ft/precision": 0.7833003997802734, "ft/loss": 0.17600761353969574, "ft/recall": 0.9079243540763855, "ft/dice": 0.8410207033157349, "_wandb": {"runtime": 5167}}