{"global_step": 9944, "_timestamp": 1722429766.9131737, "loss": 1.2588484287261963, "lr": 3.884548732457915e-06, "_runtime": 752.5421006679535, "_step": 187, "val_ft/global_step": 8, "val_ft/ft/precision": 0.009328719228506088, "val_ft/ft/loss": 1.208514928817749, "val_ft/ft/recall": 0.15575052797794342, "val_ft/ft/dice": 0.01760309562087059, "ft/precision": 0.004084283020347357, "ft/loss": 1.1785091161727905, "ft/recall": 0.09136957675218582, "ft/dice": 0.007819049060344696, "_wandb": {"runtime": 769}}