{"global_step": 258937, "_timestamp": 1722350041.0056806, "loss": 0.4986390769481659, "lr": 3.933414063794771e-06, "_runtime": 31396.953009605408, "_step": 4400, "val_ft/global_step": 257, "val_ft/ft/precision": 0.36449968814849854, "val_ft/ft/loss": 0.6555235385894775, "val_ft/ft/recall": 0.5905711054801941, "val_ft/ft/dice": 0.45077911019325256, "ft/precision": 0.4430176913738251, "ft/loss": 0.5266575813293457, "ft/recall": 0.7677245140075684, "ft/dice": 0.5618298053741455, "_wandb": {"runtime": 31738}}