{"global_step": 499944, "_timestamp": 1722897494.9558036, "loss": 0.2937784194946289, "lr": 2.582273858717926e-13, "_runtime": 41789.96132159233, "_step": 9498, "ft/precision": 0.6284923553466797, "ft/loss": 0.3121172785758972, "ft/recall": 0.8511744737625122, "ft/dice": 0.7230771780014038, "val_ft/global_step": 499, "val_ft/ft/precision": 0.7544646263122559, "val_ft/ft/loss": 0.29673224687576294, "val_ft/ft/recall": 0.8367642760276794, "val_ft/ft/dice": 0.7934861779212952, "_wandb": {"runtime": 41789}}