{"train_ft/global_step": 49, "_timestamp": 1729942954.7417576, "train_ft/loss": 0.7517156004905701, "global_step": 49997, "train_ft/lr": 2.879181702081235e-12, "_runtime": 6748.842389583588, "_step": 17298, "val_ft/global_step": 49, "val_ft/ft/precision": 0.8435956239700317, "val_ft/ft/loss": 0.8439183831214905, "val_ft/ft/recall": 0.7788459062576294, "val_ft/ft/dice": 0.8099287152290344, "train_ft/ft/precision": 0.7487215399742126, "train_ft/ft/loss": 0.7075926661491394, "train_ft/ft/recall": 0.9332149624824524, "train_ft/ft/dice": 0.8308495879173279, "_wandb": {"runtime": 6825}}