{"train_ft/global_step": 49, "_timestamp": 1729717286.0798848, "train_ft/loss": 0.7096974849700928, "global_step": 49997, "train_ft/lr": 2.879181702081235e-12, "_runtime": 18227.96746277809, "_step": 17298, "val_ft/global_step": 49, "val_ft/ft/precision": 0.8371914029121399, "val_ft/ft/loss": 0.8078075051307678, "val_ft/ft/recall": 0.7111713886260986, "val_ft/ft/dice": 0.7666746973991394, "train_ft/ft/precision": 0.6650024652481079, "train_ft/ft/loss": 0.6815117597579956, "train_ft/ft/recall": 0.8263043761253357, "train_ft/ft/dice": 0.7368232011795044, "_wandb": {"runtime": 18341}}