{"train_ft/global_step": 1037, "_timestamp": 1729189145.2304726, "train_ft/loss": 1.1186572313308716, "global_step": 1037, "train_ft/lr": 6.485507128672907e-06, "_runtime": 416.9724266529083, "_step": 358, "train_ft/ft/precision": 0.0, "train_ft/ft/loss": 1.153180718421936, "train_ft/ft/recall": 0.0, "train_ft/ft/dice": 5.728567847949201e-14, "val_ft/global_step": 0, "val_ft/ft/precision": 0.0, "val_ft/ft/loss": 1.1423462629318237, "val_ft/ft/recall": 0.0, "val_ft/ft/dice": 1.979085027369737e-13, "_wandb": {"runtime": 415}}