{"train_ft/global_step": 49, "_timestamp": 1729203890.9085076, "train_ft/loss": 0.10353686660528183, "global_step": 49997, "train_ft/lr": 2.879181702081235e-12, "_runtime": 14556.741399526596, "_step": 17298, "val_ft/global_step": 49, "val_ft/ft/precision": 0.8680628538131714, "val_ft/ft/loss": 0.3701472580432892, "val_ft/ft/recall": 0.7326988577842712, "val_ft/ft/dice": 0.7946575284004211, "train_ft/ft/precision": 0.8236269950866699, "train_ft/ft/loss": 0.10613265633583069, "train_ft/ft/recall": 0.9680425524711609, "train_ft/ft/dice": 0.8900145292282104, "_wandb": {"runtime": 14630}}