{"train_ft/global_step": 27472, "_timestamp": 1730067713.281788, "train_ft/loss": 0.806071937084198, "global_step": 27472, "train_ft/lr": 0.0001068214260158129, "_runtime": 9543.662524223328, "_step": 9504, "train_ft/ft/precision": 0.7657358050346375, "train_ft/ft/loss": 0.7217999696731567, "train_ft/ft/recall": 0.8835920095443726, "train_ft/ft/dice": 0.8204530477523804, "val_ft/global_step": 26, "val_ft/ft/precision": 0.8726580142974854, "val_ft/ft/loss": 0.8227345943450928, "val_ft/ft/recall": 0.754267156124115, "val_ft/ft/dice": 0.8091549277305603, "_wandb": {"runtime": 9543}}