{"train_ft/global_step": 49, "_timestamp": 1730150292.8670056, "train_ft/loss": 0.7103249430656433, "global_step": 49997, "train_ft/lr": 2.879181702081235e-12, "_runtime": 17373.71298265457, "_step": 17298, "val_ft/global_step": 49, "val_ft/ft/precision": 0.8480637073516846, "val_ft/ft/loss": 0.8076140880584717, "val_ft/ft/recall": 0.7970927357673645, "val_ft/ft/dice": 0.8217886090278625, "train_ft/ft/precision": 0.7555384635925293, "train_ft/ft/loss": 0.6831509470939636, "train_ft/ft/recall": 0.9421731233596802, "train_ft/ft/dice": 0.8385971188545227, "_wandb": {"runtime": 17483}}