{"train_ft/global_step": 49, "_timestamp": 1729676495.9527001, "train_ft/loss": 0.1072741150856018, "global_step": 49997, "train_ft/lr": 2.879181702081235e-12, "_runtime": 15101.988344192505, "_step": 17298, "train_ft/ft/precision": 0.8031691312789917, "train_ft/ft/loss": 0.11637503653764725, "train_ft/ft/recall": 0.9653109312057495, "train_ft/ft/dice": 0.8768070936203003, "val_ft/global_step": 49, "val_ft/ft/precision": 0.8582737445831299, "val_ft/ft/loss": 0.40270352363586426, "val_ft/ft/recall": 0.6961724758148193, "val_ft/ft/dice": 0.7687709927558899, "_wandb": {"runtime": 15215}}