{"train_ft/global_step": 34843, "_timestamp": 1730196317.5272872, "train_ft/loss": 0.728730320930481, "global_step": 34843, "train_ft/lr": 6.352438504109159e-05, "_runtime": 12226.027427196503, "_step": 12054, "train_ft/ft/precision": 0.738993763923645, "train_ft/ft/loss": 0.702790379524231, "train_ft/ft/recall": 0.9257546663284302, "train_ft/ft/dice": 0.8218982815742493, "val_ft/global_step": 33, "val_ft/ft/precision": 0.8441858887672424, "val_ft/ft/loss": 0.8008185029029846, "val_ft/ft/recall": 0.7978842258453369, "val_ft/ft/dice": 0.820382297039032, "_wandb": {"runtime": 12225}}