{"train_ft/global_step": 476, "_timestamp": 1723052666.3251772, "train_ft/loss": 4.110857009887695, "global_step": 476, "train_ft/lr": 1.8601190276967827e-07, "_runtime": 49.03376913070679, "_step": 10, "_wandb": {"runtime": 50}}